voltage (v),current (a),0.6,0.6,20000000
0.5973872570000001,0.00319522102
voltage (v),current (a),0.62,0.62,20000000
0.6174219380000001,0.00343799399
voltage (v),current (a),0.64,0.64,20000000
0.636994464,0.00357192108
voltage (v),current (a),0.66,0.66,30000000
0.657308546,0.00451934687
voltage (v),current (a),0.68,0.68,30000000
0.6774031420000001,0.0049187193799999996
voltage (v),current (a),0.7,0.7,40000000
0.6974197590000001,0.006172208320000001
voltage (v),current (a),0.72,0.72,40000000
0.716913703,0.00638502233
voltage (v),current (a),0.74,0.74,40000000
0.737026363,0.00665928984
voltage (v),current (a),0.76,0.76,50000000
0.75693429,0.00806507267
voltage (v),current (a),0.78,0.78,50000000
0.776442084,0.008252082830000002
voltage (v),current (a),0.8,0.8,60000000
0.797825297,0.00973852903
voltage (v),current (a),0.82,0.82,60000000
0.8166785450000001,0.0101783988
voltage (v),current (a),0.84,0.84,60000000
0.8362248770000001,0.0105098443
voltage (v),current (a),0.86,0.86,70000000
0.8563309139999999,0.0122165416
voltage (v),current (a),0.88,0.88,70000000
0.876360778,0.0126076641
voltage (v),current (a),0.9,0.9,70000000
0.8966393330000001,0.013026698100000001
voltage (v),current (a),0.92,0.92,80000000
0.9154486240000002,0.014749985699999999
voltage (v),current (a),0.94,0.94,80000000
0.936287185,0.0152600709
