voltage (v),current (a),0.56,0.56,10000000
0.557097806,0.0022598390400000003
voltage (v),current (a),0.58,0.58,10000000
0.5767835370000001,0.0022925078499999997
voltage (v),current (a),0.6,0.6,20000000
0.598282063,0.00301257674
voltage (v),current (a),0.62,0.62,20000000
0.617833814,0.00324062616
voltage (v),current (a),0.64,0.64,20000000
0.637907937,0.00344525038
voltage (v),current (a),0.66,0.66,30000000
0.6581840830000001,0.00448390798
voltage (v),current (a),0.68,0.68,30000000
0.677085805,0.004339141459999999
voltage (v),current (a),0.7,0.7,40000000
0.6971325300000001,0.00572878559
voltage (v),current (a),0.72,0.72,40000000
0.7165617420000001,0.0059677045399999995
voltage (v),current (a),0.74,0.74,40000000
0.7379416430000001,0.00616817365
voltage (v),current (a),0.76,0.76,50000000
0.7571140340000001,0.0075086790700000005
voltage (v),current (a),0.78,0.78,50000000
0.777407041,0.00770156058
voltage (v),current (a),0.8,0.8,60000000
0.797416432,0.008988019429999999
voltage (v),current (a),0.82,0.82,60000000
0.8169142900000002,0.00959803807
voltage (v),current (a),0.84,0.84,70000000
0.8357536890000001,0.009979736300000002
voltage (v),current (a),0.86,0.86,70000000
0.855952458,0.0102623743
voltage (v),current (a),0.88,0.88,70000000
0.8767717500000001,0.0127042554
voltage (v),current (a),0.9,0.9,80000000
0.896686903,0.0142213832
voltage (v),current (a),0.92,0.92,80000000
0.916936254,0.014865847100000001
voltage (v),current (a),0.94,0.94,90000000
0.9370669790000001,0.0163418453
