voltage (v),current (a),0.56,0.56,10000000
0.5575535180000001,0.000390316442
voltage (v),current (a),0.58,0.58,10000000
0.576696972,0.00033894248000000004
voltage (v),current (a),0.6,0.6,20000000
0.597521489,0.000507426335
voltage (v),current (a),0.62,0.62,20000000
0.617241479,0.000421553725
voltage (v),current (a),0.64,0.64,20000000
0.637471181,0.000453449266
voltage (v),current (a),0.66,0.66,30000000
0.6574584630000001,0.0004915982470000001
voltage (v),current (a),0.68,0.68,30000000
0.677706145,0.000725608588
voltage (v),current (a),0.7,0.7,40000000
0.6971983960000001,0.0005695418530000001
voltage (v),current (a),0.72,0.72,40000000
0.7173064390000001,0.0006111915640000001
voltage (v),current (a),0.74,0.74,40000000
0.73758049,0.0006591545580000001
voltage (v),current (a),0.76,0.76,50000000
0.7576882330000001,0.0007160638630000001
voltage (v),current (a),0.78,0.78,50000000
0.7773054410000001,0.000772195227
voltage (v),current (a),0.8,0.8,60000000
0.7972603600000001,0.000840025612
voltage (v),current (a),0.82,0.82,60000000
0.817435226,0.00090992053
voltage (v),current (a),0.84,0.84,70000000
0.8368660480000001,0.0015672499200000002
voltage (v),current (a),0.86,0.86,70000000
0.8571401000000001,0.00106885966
voltage (v),current (a),0.88,0.88,70000000
0.877511239,0.00177280561
voltage (v),current (a),0.9,0.9,80000000
0.8965567050000001,0.00196959451
voltage (v),current (a),0.92,0.92,80000000
0.917363543,0.00136911458
voltage (v),current (a),0.94,0.94,90000000
0.9375312170000001,0.00149789358
