voltage (v),current (a),0.56,0.56,10000000
0.557501978,0.00036341766900000003
voltage (v),current (a),0.58,0.58,10000000
0.576658916,0.000338792876
voltage (v),current (a),0.6,0.6,20000000
0.598077349,0.00047538119
voltage (v),current (a),0.62,0.62,20000000
0.617617845,0.000579445628
voltage (v),current (a),0.64,0.64,20000000
0.6377528570000001,0.000582467625
voltage (v),current (a),0.66,0.66,30000000
0.6578180490000001,0.0006656772860000001
voltage (v),current (a),0.68,0.68,30000000
0.677993214,0.000796969624
voltage (v),current (a),0.7,0.7,40000000
0.697456399,0.000825843167
voltage (v),current (a),0.72,0.72,40000000
0.717474545,0.000875780932
voltage (v),current (a),0.74,0.74,40000000
0.737778562,0.00106275582
voltage (v),current (a),0.76,0.76,50000000
0.75796062,0.001260951
voltage (v),current (a),0.78,0.78,50000000
0.777463959,0.0009491466590000001
voltage (v),current (a),0.8,0.8,60000000
0.797416181,0.00107849415
voltage (v),current (a),0.82,0.82,60000000
0.817643785,0.00136468631
voltage (v),current (a),0.84,0.84,70000000
0.837174393,0.00125918568
voltage (v),current (a),0.86,0.86,70000000
0.857355551,0.0010445340700000001
voltage (v),current (a),0.88,0.88,70000000
0.876417199,0.00143706465
voltage (v),current (a),0.9,0.9,80000000
0.896720017,0.00158992987
voltage (v),current (a),0.92,0.92,80000000
0.917508576,0.0017116176400000002
voltage (v),current (a),0.94,0.94,90000000
0.93767625,0.0014543289399999999