voltage (v),current (a),0.56,0.56,10000000
0.557296518,0.0022169631
voltage (v),current (a),0.58,0.58,10000000
0.576911496,0.0022546602
voltage (v),current (a),0.6,0.6,20000000
0.597042823,0.00293378016
voltage (v),current (a),0.62,0.62,20000000
0.6173843040000001,0.00338960801
voltage (v),current (a),0.64,0.64,20000000
0.6369441840000001,0.0035612924200000002
voltage (v),current (a),0.66,0.66,30000000
0.658327999,0.00414836761
voltage (v),current (a),0.68,0.68,30000000
0.677209248,0.00481116822
voltage (v),current (a),0.7,0.7,40000000
0.697223757,0.0053065900700000005
voltage (v),current (a),0.72,0.72,40000000
0.716763765,0.006140774000000001
voltage (v),current (a),0.74,0.74,40000000
0.738077128,0.00649203152
voltage (v),current (a),0.76,0.76,50000000
0.7572591540000001,0.007904829870000001
voltage (v),current (a),0.78,0.78,50000000
0.776229221,0.00811523511
voltage (v),current (a),0.8,0.8,60000000
0.7975769070000001,0.00956714571
voltage (v),current (a),0.82,0.82,60000000
0.8171367869999999,0.00981021977
voltage (v),current (a),0.84,0.84,70000000
0.8358741200000002,0.0114391442
voltage (v),current (a),0.86,0.86,70000000
0.8560909540000001,0.011727894400000001
voltage (v),current (a),0.88,0.88,70000000
0.8767768690000001,0.0123141867
voltage (v),current (a),0.9,0.9,80000000
0.896935895,0.0140574369
voltage (v),current (a),0.92,0.92,80000000
0.9159107799999999,0.014596909
voltage (v),current (a),0.94,0.94,90000000
0.9371043130000001,0.016251095200000003
